{"Bands with other\r": 45.208000000000006, "Substance": 7.59, "Will of the council\r": 0.0, "Split second\r": 1.9100000000000001, "Level up\r": 0.7541666666666665, "Living weapon\r": 1.7525, "Double strike\r": 0.5655172413793103, "Hidden agenda\r": 0.18499999999999997, "First strike\r": 19.898540540540527, "Join forces\r": 2.6900000000000004, "Cumulative upkeep\r": 0.7809523809523808, "Totem armor\r": 1.13, "Battle cry\r": 1.21, "Fateful hour\r": 0.17, "Aura swap\r": 0.52}