{"Bolster": 0.23266666666666672, "Cycling": 0.3707812499999999, "Flash": 2.4914917127071834, "Totem armor": 1.13, "Overload": 1.063636363636364, "Bloodthirst": 0.24382352941176477, "Replicate": 0.5286666666666666, "Persist": 3.096666666666666, "Join forces": 2.69, "Grandeur": 2.068, "Detain": 0.24833333333333332, "Evolve": 0.9620000000000001, "Raid": 0.9136111111111114, "Hideaway": 0.7314285714285714, "Modular": 0.1388888888888889, "Absorb": 0.12, "Islandhome": 2.6100000000000003, "Devour": 1.7069565217391314, "Kicker": 0.34764150943396227, "Plainswalk": 111.20555555555556, "Bury": 4.560800000000003, "Soulbond": 0.10333333333333333, "Heroic": 0.3093548387096774, "Amplify": 1.5025, "Undying": 0.15999999999999998, "Rampage": 0.405, "Prowl": 0.26111111111111107, "Ingest": 0.2938461538461538, "Menace": 8.676153846153847, "Bands with other": 32.57714285714287, "Transmute": 1.595, "Hexproof": 1.7764814814814822, "Battle cry": 1.2100000000000002, "Haunt": 0.7185714285714285, "Echo": 0.8027083333333332, "Council": 2.1784615384615384, "Fear": 1.5324561403508778, "Battalion": 0.6466666666666666, "Unearth": 0.47459459459459463, "Poisonous": 0.37999999999999995, "Phasing": 0.2625, "Vigilance": 2.1934741784037572, "Tribute": 26.324814814814832, "Entwine": 1.9439130434782599, "Channel": 0.11166666666666668, "Champion": 1.3945833333333333, "Swampwalk": 35.12223684210526, "Multikicker": 0.5645945945945947, "Infect": 1.7087755102040818, "Fateful hour": 0.17, "Deathtouch": 1.4925619834710742, "Buyback": 1.1205263157894738, "Split second": 1.7579310344827583, "Frenzy": 0.12, "Transfigure": 0.33, "First strike": 11.309012658227827, "Cipher": 0.22, "Substance": 7.59, "Forestwalk": 33.80166666666666, "Bushido": 0.4964705882352941, "Intimidate": 0.21000000000000002, "Will of the council": 0.0, "Flip": 50.74624999999997, "Dredge": 3.314583333333333, "Surge": 34.385714285714286, "Cascade": 0.345, "Defender": 7.540999999999996, "Prowess": 0.4335294117647059, "Scavenge": 0.1552, "Domain": 0.19461538461538463, "Provoke": 0.73, "Landfall": 1.202857142857143, "Changeling": 0.7045161290322581, "Fortify": 0.75, "Annihilator": 10.929444444444446, "Megamorph": 0.4966666666666667, "Monstrosity": 0.43763157894736837, "Flashback": 0.6942307692307689, "Horsemanship": 20.579655172413787, "Cohort": 0.22399999999999998, "Islandwalk": 17.44293103448276, "Support": 0.12, "Unleash": 0.22615384615384615, "Transform": 15.061111111111115, "Forecast": 1.0023076923076923, "Myriad": 1.6528571428571428, "Morbid": 0.4370588235294117, "Storm": 2.104285714285714, "Flanking": 0.2325, "Populate": 0.4815384615384616, "Exalted": 4.368888888888889, "Indestructible": 4.7423809523809535, "Rebound": 0.9933333333333331, "Outlast": 0.21444444444444444, "Bestow": 0.2615624999999999, "Mountainwalk": 56.060909090909085, "Devoid": 0.7064912280701755, "Convoke": 0.3970000000000001, "Protection": 9.151292517006802, "Splice": 2.1067857142857145, "Retrace": 0.31499999999999995, "Metalcraft": 9.003478260869565, "Extort": 0.9885714285714285, "Skulk": 0.22, "Morph": 0.36707692307692336, "Landwalk": 33.12366666666667, "Inspired": 0.313125, "Miracle": 5.02, "Suspend": 3.11092105263158, "Delirium": 1.2233333333333334, "Hellbent": 1.1425925925925928, "Level up": 0.7541666666666665, "Converge": 1.8276923076923075, "Melee": 0.2642857142857143, "Reinforce": 0.21, "Renown": 0.385, "Formidable": 1.1375, "Rally": 0.43000000000000005, "Soulshift": 0.19812500000000002, "Bloodrush": 0.3733333333333333, "Constellation": 0.225, "Cumulative upkeep": 0.7809523809523808, "Graft": 0.468888888888889, "Banding": 11.633235294117652, "Lifelink": 1.9943511450381675, "Scry": 0.8575700934579441, "Flying": 8.062707595434839, "Chroma": 1.778, "Conspire": 0.48636363636363633, "Trample": 5.212122807017539, "Affinity": 0.2928571428571428, "Sunburst": 0.1609090909090909, "Dash": 0.8479999999999998, "Double strike": 1.0099999999999996, "Ferocious": 0.4971428571428572, "Offering": 0.336, "Fateseal": 0.3066666666666667, "Reach": 0.4846721311475409, "Shroud": 1.91, "Vanishing": 0.26857142857142857, "Aura swap": 0.52, "Ninjutsu": 0.49, "Delve": 1.4228571428571428, "Shadow": 22.42630434782609, "Proliferate": 0.47388888888888886, "Manifest": 0.6655555555555555, "Ripple": 0.49, "Haste": 1.7004661016949179, "Evoke": 1.117674418604651, "Radiance": 0.21000000000000002, "Madness": 0.3878571428571429, "Clash": 0.11285714285714285, "Living weapon": 1.7525, "Gravestorm": 6.93, "Sweep": 0.258, "Imprint": 5.207307692307693, "Exploit": 0.7750000000000001, "Wither": 0.5092592592592592, "Hidden agenda": 0.18499999999999997, "Threshold": 0.4326, "Fading": 0.22}