{"Bolster": 0.21904761904761907, "Battalion": 0.7806666666666666, "Cycling": 0.5136421725239613, "Flash": 1.9567058823529424, "Totem armor": 0.97375, "Overload": 1.0308695652173914, "Bloodthirst": 0.31189189189189187, "Replicate": 0.5286666666666666, "Persist": 1.8931428571428566, "Join forces": 2.6900000000000004, "Grandeur": 3.182857142857143, "Detain": 0.24833333333333332, "Evolve": 0.5471428571428572, "Raid": 0.828863636363636, "Hideaway": 1.8674999999999997, "Modular": 4.589473684210527, "Absorb": 0.12, "Devour": 1.5158333333333338, "Kicker": 0.40551020408163213, "Plainswalk": 0.2153846153846154, "Bury": 2.566517412935326, "Soulbond": 0.2960869565217391, "Heroic": 0.33999999999999997, "Amplify": 0.6754545454545455, "Undying": 1.1710714285714288, "Rampage": 2.888, "Prowl": 0.5540000000000002, "Ingest": 0.2661538461538462, "Menace": 0.7947058823529412, "Bands with other": 0.683076923076923, "Transmute": 4.069444444444446, "Hexproof": 1.4144329896907222, "Battle cry": 1.018, "Haunt": 0.6036363636363635, "Echo": 1.2415294117647058, "Council": 2.1453846153846152, "Fear": 1.227654320987655, "Provoke": 0.22363636363636363, "Desertwalk": 0.35, "Unearth": 0.4892857142857143, "Poisonous": 0.37999999999999995, "Split second": 1.776333333333333, "Phasing": 0.395, "Vigilance": 1.800331325301207, "Tribute": 20.128823529411772, "Entwine": 1.6199999999999994, "Channel": 0.2564705882352941, "Champion": 1.4240816326530612, "Swampwalk": 0.9690000000000002, "Multikicker": 0.5645945945945947, "Infect": 1.5550724637681155, "Fateful hour": 0.2933333333333333, "Deathtouch": 1.2473118279569888, "Buyback": 1.587090909090909, "Intimidate": 1.250217391304348, "Frenzy": 0.12, "Meld": 4.073333333333333, "Transfigure": 0.33, "First strike": 1.0284243369734807, "Strive": 0.26684210526315794, "Cipher": 0.23923076923076925, "Substance": 39.59, "Forestwalk": 23.54948717948718, "Bushido": 0.6011428571428571, "Islandhome": 0.17750000000000002, "Will of the council": 1.747142857142857, "Flip": 25.964019607843106, "Dredge": 2.983103448275862, "Surge": 1.1820000000000002, "Cascade": 2.1025, "Rally": 0.19777777777777777, "Prowess": 0.7551612903225804, "Scavenge": 0.20500000000000002, "Domain": 0.19350000000000003, "Recover": 0.22857142857142856, "Landfall": 1.4876041666666666, "Changeling": 0.6413636363636364, "Escalate": 1.9149999999999998, "Fortify": 0.75, "Annihilator": 9.747272727272728, "Megamorph": 0.4966666666666667, "Monstrosity": 0.4086363636363636, "Flashback": 0.8539285714285717, "Horsemanship": 20.579655172413787, "Cohort": 0.2036842105263158, "Islandwalk": 3.697282608695654, "Support": 0.19727272727272727, "Unleash": 0.22615384615384615, "Transform": 2.3294565217391296, "Forecast": 1.0023076923076923, "Myriad": 1.6528571428571426, "Morbid": 0.37457142857142856, "Storm": 3.3798230088495576, "Epic": 2.394, "Flanking": 0.21850000000000008, "Populate": 0.4815384615384616, "Exalted": 3.74888888888889, "Indestructible": 5.1707534246575335, "Rebound": 0.9465384615384616, "Outlast": 0.21444444444444444, "Convoke": 0.666, "Mountainwalk": 0.5785714285714285, "Fabricate": 0.4764285714285714, "Devoid": 0.6706930693069306, "Bestow": 0.2634210526315788, "Protection": 2.2592018779342715, "Splice": 2.2742105263157892, "Retrace": 0.6566666666666666, "Kinship": 0.52, "Metalcraft": 5.418205128205128, "Extort": 0.8317647058823529, "Skulk": 0.3833333333333334, "Morph": 0.5280803571428573, "Landwalk": 5.680338983050849, "Inspired": 0.29999999999999993, "Miracle": 2.9899999999999998, "Suspend": 2.7506818181818193, "Delirium": 1.2193181818181815, "Hellbent": 1.1403703703703705, "Emerge": 0.5925, "Level up": 1.2428571428571429, "Converge": 1.7585714285714285, "Melee": 0.2642857142857143, "Reinforce": 0.20666666666666667, "Renown": 0.3761904761904762, "Formidable": 1.1375, "Defender": 2.8571984435797657, "Soulshift": 0.20266666666666666, "Bloodrush": 0.2423076923076923, "Constellation": 0.21000000000000005, "Cumulative upkeep": 0.9143396226415098, "Graft": 0.4771875000000001, "Banding": 0.5312280701754387, "Lifelink": 2.073793103448275, "Scry": 0.9501449275362317, "Flying": 1.8372764338135212, "Chroma": 1.58, "Conspire": 0.48636363636363633, "Trample": 2.063905191873596, "Affinity": 0.7683783783783783, "Sunburst": 5.018, "Dash": 0.7254999999999998, "Double strike": 1.502881355932203, "Ferocious": 0.44684210526315793, "Offering": 1.108888888888889, "Fateseal": 0.3066666666666667, "Reach": 0.6011627906976744, "Shroud": 1.3398901098901104, "Vanishing": 0.31904761904761914, "Aura swap": 0.375, "Ninjutsu": 1.8814999999999997, "Delve": 1.2910714285714284, "Shadow": 0.7792173913043478, "Tempting offer": 1.3999999999999997, "Proliferate": 1.0331818181818182, "Manifest": 1.6916666666666669, "Ripple": 2.008, "Haste": 1.6110740203193072, "Evoke": 1.0136000000000003, "Dethrone": 2.6424999999999996, "Radiance": 0.22833333333333336, "Madness": 0.3980327868852458, "Clash": 0.22341463414634152, "Living weapon": 1.7525, "Gravestorm": 6.93, "Sweep": 0.22777777777777775, "Imprint": 3.9497058823529407, "Exploit": 0.7750000000000001, "Wither": 0.5190243902439025, "Hidden agenda": 0.18499999999999997, "Threshold": 0.43059999999999987, "Fading": 1.5699999999999998}