{"Bolster": 0.43266666666666675, "Cycling": 0.3904687499999998, "Undying": 0.15999999999999998, "Totem armor": 1.13, "Overload": 1.092727272727273, "Bloodthirst": 0.27441176470588236, "Replicate": 0.6486666666666665, "Persist": 3.0122222222222215, "Join forces": 2.6900000000000004, "Grandeur": 1.468, "Detain": 0.24833333333333332, "Evolve": 0.9620000000000001, "Raid": 0.8972222222222226, "Hideaway": 0.7314285714285713, "Modular": 0.1388888888888889, "Absorb": 0.12, "Islandhome": 60.495, "Devour": 1.808695652173914, "Kicker": 0.32566037735849057, "Plainswalk": 111.20555555555556, "Bury": 5.786959999999999, "Soulbond": 0.3033333333333333, "Heroic": 0.31064516129032255, "Amplify": 1.0, "Flash": 2.4695580110497253, "Rampage": 0.41000000000000003, "Prowl": 0.2611111111111111, "Ingest": 0.2938461538461538, "Menace": 8.676153846153847, "Bands with other": 32.57714285714287, "Transmute": 2.0500000000000003, "Hexproof": 2.5501851851851853, "Battle cry": 1.0025, "Haunt": 0.7185714285714285, "Echo": 0.8012499999999999, "Council": 2.2430769230769227, "Fear": 1.0722807017543858, "Battalion": 0.6466666666666666, "Unearth": 0.4567567567567567, "Poisonous": 0.49333333333333335, "Phasing": 0.2625, "Vigilance": 2.3205633802816905, "Tribute": 26.291481481481494, "Entwine": 1.739130434782608, "Channel": 0.11166666666666668, "Champion": 1.465, "Swampwalk": 14.121973684210536, "Multikicker": 0.624864864864865, "Infect": 1.7087755102040814, "Fateful hour": 0.17, "Deathtouch": 1.470165289256198, "Buyback": 1.1205263157894738, "Split second": 1.5041379310344825, "Frenzy": 0.36, "Transfigure": 0.33, "First strike": 4.269291139240518, "Cipher": 0.22, "Substance": 7.59, "Forestwalk": 1.107592592592592, "Bushido": 0.4964705882352941, "Intimidate": 0.21904761904761907, "Will of the council": 0.0, "Flip": 52.130892857142825, "Dredge": 3.0316666666666663, "Surge": 34.385714285714286, "Cascade": 0.345, "Defender": 4.922266666666663, "Prowess": 0.4847058823529412, "Scavenge": 0.22000000000000008, "Domain": 0.2107692307692308, "Provoke": 0.73, "Landfall": 1.2638961038961043, "Changeling": 0.3883870967741936, "Fortify": 0.75, "Annihilator": 9.870555555555557, "Megamorph": 0.4966666666666667, "Monstrosity": 0.43842105263157893, "Flashback": 0.6317307692307689, "Horsemanship": 20.197931034482757, "Cohort": 0.22399999999999998, "Islandwalk": 13.506724137931034, "Support": 0.12, "Unleash": 0.22615384615384615, "Transform": 15.061111111111115, "Forecast": 0.9992307692307693, "Myriad": 1.6528571428571428, "Morbid": 0.4370588235294117, "Storm": 2.1148051948051947, "Flanking": 0.23333333333333336, "Populate": 0.4815384615384616, "Exalted": 4.393888888888889, "Indestructible": 4.712976190476192, "Rebound": 0.9933333333333331, "Outlast": 0.2744444444444445, "Bestow": 0.43968749999999995, "Mountainwalk": 0.9922727272727272, "Devoid": 0.7057894736842106, "Convoke": 0.3970000000000001, "Protection": 9.863877551020394, "Splice": 2.129642857142857, "Retrace": 0.3116666666666667, "Metalcraft": 1.1769565217391305, "Extort": 1.082857142857143, "Skulk": 0.22, "Morph": 0.3927692307692309, "Landwalk": 25.47666666666667, "Inspired": 0.313125, "Miracle": 5.02, "Suspend": 3.097368421052632, "Delirium": 1.2233333333333334, "Hellbent": 1.1381481481481484, "Level up": 0.7541666666666668, "Converge": 1.8276923076923075, "Melee": 0.2642857142857143, "Reinforce": 0.21, "Renown": 0.477, "Formidable": 1.1375, "Rally": 0.43000000000000005, "Soulshift": 0.19812500000000002, "Bloodrush": 0.3733333333333333, "Constellation": 0.41000000000000003, "Cumulative upkeep": 0.7809523809523808, "Graft": 0.5737037037037038, "Banding": 11.633235294117652, "Lifelink": 1.8198473282442742, "Scry": 0.9237383177570095, "Flying": 4.927111373475008, "Chroma": 1.778, "Conspire": 0.7736363636363636, "Trample": 11.639035087719268, "Affinity": 0.3310714285714286, "Sunburst": 0.14545454545454542, "Dash": 0.8973333333333332, "Double strike": 1.0493243243243238, "Ferocious": 0.89, "Offering": 0.336, "Fateseal": 0.3066666666666667, "Reach": 0.48581967213114763, "Shroud": 1.3209803921568626, "Vanishing": 0.26857142857142857, "Aura swap": 0.52, "Ninjutsu": 0.49, "Delve": 1.8695238095238098, "Shadow": 22.464565217391307, "Proliferate": 0.47499999999999987, "Manifest": 0.6655555555555555, "Ripple": 0.49, "Haste": 1.5574788135593247, "Evoke": 0.7739534883720931, "Radiance": 0.21000000000000002, "Madness": 0.3417857142857143, "Clash": 0.27142857142857146, "Living weapon": 1.7719999999999998, "Gravestorm": 6.93, "Sweep": 0.26999999999999996, "Imprint": 0.7561538461538462, "Exploit": 0.7750000000000001, "Wither": 0.5418518518518518, "Hidden agenda": 0.18499999999999997, "Threshold": 0.4440999999999999, "Fading": 0.22}